firstCoder,secondCoder,doi,authors,pubYear,excluded,exclusionReason,articleType,citesReplication,citationClassificationOriginal,citationClassificationAgreed,counterArguments,UT
DS,TH,10.1007/s00426-014-0558-4,"Sellaro, Roberta; Hommel, Bernhard; Manai, Meriem; Colzato, Lorenza S.",2015,FALSE,"NA",Empirical data - laboratory study,FALSE,favourable,favourable,NA,WOS:000349768400011
DS,TH,10.4018/IJABE.2015100103,"Bolton, Patrick; Thornthwaite, Louise",2015,TRUE,No access,NA,NA,NA,NA,NA,WOS:000218766300003
DS,TH,10.1523/JNEUROSCI.4567-14.2015,"Bernardi, Giulio; Siclari, Francesca; Yu, Xiaoqian; Zennig, Corinna; Bellesi, Michele; Ricciardi, Emiliano; Cirelli, Chiara; Ghilardi, Maria Felice; Pietrini, Pietro; Tononi, Giulio",2015,FALSE,"NA",Empirical data - laboratory study,FALSE,equivocal,equivocal,NA,WOS:000352202300002
DS,TH,10.1002/bdm.1830,"Pang, Bo; Otto, A. Ross; Worthy, Darrell A.",2015,FALSE,"NA",Empirical data - laboratory study,FALSE,favourable,favourable,NA,WOS:000351535700008
DS,TH,10.1016/j.beproc.2014.09.030,"Miller, Holly C.; Pattison, Kristina F.; Laude, Jennifer R.; Zentall, Thomas R.",2015,FALSE,"NA",Empirical data - laboratory study,FALSE,favourable,favourable,NA,WOS:000349198500004
DS,TH,10.1037/a0038082,"Trougakos, John P.; Beal, Daniel J.; Cheng, Bonnie Hayden; Hideg, Ivona; Zweig, David",2015,FALSE,"NA",Empirical data - laboratory study,FALSE,favourable,favourable,NA,WOS:000347729700015
DS,TH,10.1108/S1479-355520150000013003,"Dixon, Aurora J.; Chang, Chu-Hsiang (Daisy); Johnson, Russell E.",2015,FALSE,"NA",No empirical data,FALSE,favourable,favourable,NA,WOS:000361324700004
DS,TH,10.1016/j.jvb.2015.03.005,"Rivkin, W.; Diestel, S.; Schmidt, K. -H.",2015,FALSE,"NA",Empirical data - laboratory study,FALSE,favourable,equivocal,NA,WOS:000354594300018
DS,TH,10.1037/gdn0000033,"Bradley, Bret H.; Anderson, Heather J.; Baur, John E.; Klotz, Anthony C.",2015,FALSE,"NA",No empirical data,FALSE,favourable,favourable,NA,WOS:000369411100003
DS,TH,10.1080/01973533.2014.996225,"Osgood, Jeffrey M.; Muraven, Mark",2015,FALSE,"NA",Empirical data - laboratory study,FALSE,favourable,equivocal,NA,WOS:000349454600007
DS,TH,10.1093/scan/nsu027,"Parvaz, Muhammad A.; Moeller, Scott J.; Goldstein, Rita Z.; Proudfit, Greg H.",2015,FALSE,"NA",Empirical data - laboratory study,FALSE,favourable,favourable,NA,WOS:000350108600012
DS,TH,10.1037/apl0000018,"Lin, Szu-Han (Joanna); Johnson, Russell E.",2015,FALSE,"NA",Empirical data - laboratory study,FALSE,favourable,favourable,NA,WOS:000361042000005
DS,TH,10.1002/job.1953,"Park, Youngah; Sprung, Justin M.",2015,FALSE,"NA",Empirical data - laboratory study,FALSE,favourable,favourable,NA,WOS:000348840600008
DS,TH,10.1037/npe0000047,"Alos-Ferrer, Carlos; Huegelschaefer, Sabine; Li, Jiahui",2015,TRUE,No access,NA,NA,NA,NA,NA,WOS:000365705900001
DS,TH,10.1016/j.leaqua.2015.02.005,"Collins, Michael D.; Jackson, Chris J.",2015,FALSE,"NA",Empirical data - laboratory study,FALSE,favourable,favourable,NA,WOS:000356841500007
DS,TH,10.1002/ejsp.2120,"Chow, Jason T.; Hui, Chin Ming; Lau, Shun",2015,FALSE,"NA",Empirical data - laboratory study,FALSE,favourable,favourable,NA,WOS:000364309700008
DS,TH,10.1017/iop.2015.93,"Eatough, Erin M.",2015,FALSE,"NA",No empirical data,FALSE,favourable,favourable,NA,WOS:000368343800012
DS,TH,10.1002/cjas.1308,"Walsh, Darlene; Mantonakis, Antonia; Joordens, Steve",2015,FALSE,"NA",Empirical data - laboratory study,FALSE,favourable,favourable,NA,WOS:000351520800006
DS,TH,10.1108/S1479-355520150000013002,"Koopmann, Jaclyn; Wang, Mo; Liu, Yihao; Song, Yifan",2015,FALSE,"NA",No empirical data,FALSE,favourable,favourable,NA,WOS:000361324700003
DS,TH,10.1177/0959354314561487,"Horstkotter, Dorothee",2015,FALSE,"NA",No empirical data,FALSE,favourable,favourable,NA,WOS:000349289100002
DS,TH,10.3389/fpsyg.2015.01207,"Englert, Chris; Persaud, Brittany N.; Oudejans, Raoul R. D.; Bertrams, Alex",2015,FALSE,"NA",Empirical data - laboratory study,FALSE,equivocal,equivocal,NA,WOS:000359991000001
DS,TH,10.1016/j.appet.2014.10.025,"Chatzisarantis, Nikos L. D.; Hagger, Martin S.",2015,FALSE,"NA",Empirical data - laboratory study,FALSE,favourable,favourable,NA,WOS:000347267000042
DS,TH,10.1002/smi.2639,"Hagger, Martin S.",2015,FALSE,"NA",Empirical data - laboratory study,FALSE,favourable,equivocal,NA,WOS:000353651800001
DS,TH,10.1007/s10869-014-9392-3,"Shao, Bo; Wang, Lu; Cheng, David; Doucet, Lorna",2015,FALSE,"NA",Empirical data - laboratory study,FALSE,favourable,favourable,NA,WOS:000365760400008
DS,TH,10.1111/spc3.12160,"Gillebaart, Marleen; de Ridder, Denise T. D.",2015,FALSE,"NA",No empirical data,FALSE,unfavourable,unfavourable,NA,WOS:000214691000003
DS,TH,10.7352/IJSP2015.46.137,"Englert, Chris; Wolff, Wanja",2015,FALSE,"NA",Empirical data - laboratory study,FALSE,favourable,favourable,NA,WOS:000356319200003
DS,TH,10.1002/job.2019,"Humphrey, Ronald H.; Ashforth, Blake E.; Diefendorff, James M.",2015,FALSE,"NA",No empirical data,FALSE,equivocal,favourable,NA,WOS:000359071000002
DS,TH,10.1123/jsep.2014-0219,"Englert, Chris; Zwemmer, Kris; Bertrams, Alex; Oudejans, Raoul R. D.",2015,FALSE,"NA",Empirical data - laboratory study,FALSE,favourable,favourable,NA,WOS:000355571600002
DS,TH,10.1016/j.copsyc.2015.01.013,"Weiss, Nicole H.; Sullivan, Tami P.; Tull, Matthew T.",2015,FALSE,"NA",No empirical data,FALSE,favourable,favourable,NA,WOS:000364778800006
DS,TH,10.1017/S0954579414001321,"Sasaki, Joni Y.; Mojaverian, Taraneh; Kim, Heejung S.",2015,FALSE,"NA",Empirical data - laboratory study,FALSE,equivocal,equivocal,NA,WOS:000354106300008
DS,TH,10.1002/smj.2221,"Laureiro-Martinez, Daniella; Brusoni, Stefano; Canessa, Nicola; Zollo, Maurizio",2015,FALSE,"NA",Empirical data - laboratory study,FALSE,favourable,favourable,NA,WOS:000348506100001
DS,TH,"NA","Truscott, J",2015,FALSE,"NA",No empirical data,FALSE,favourable,favourable,NA,WOS:000364179500010
DS,TH,10.1037/a0038339,"Holroyd, Clay B.; McClure, Samuel M.",2015,FALSE,"NA",Empirical data - laboratory study,FALSE,favourable,favourable,NA,WOS:000347230300003
DS,TH,10.1037/a0033955,"Watkins, Laura E.; DiLillo, David; Hoffman, Lesa; Templin, Jonathan",2015,FALSE,"NA",Empirical data - laboratory study,FALSE,favourable,favourable,NA,WOS:000346915900005
DS,TH,10.1037/a0036871,"Christoforou, Paraskevi S.; Ashforth, Blake E.",2015,FALSE,"NA",Empirical data - laboratory study,FALSE,favourable,equivocal,NA,WOS:000347729700017
DS,TH,10.1016/j.acclit.2015.10.001,"Hurley, Patrick J.",2015,FALSE,"NA",No empirical data,FALSE,favourable,favourable,NA,WOS:000367346700003
DS,TH,10.1016/j.jesp.2015.04.004,"Mazar, Nina; Hawkins, Scott A.",2015,FALSE,"NA",Empirical data - laboratory study,FALSE,favourable,favourable,NA,WOS:000355497400014
DS,TH,10.1037/a0038542,"Dahm, Patricia C.; Glomb, Theresa M.; Manchester, Colleen Flaherty; Leroy, Sophie",2015,FALSE,"NA",Empirical data - laboratory study,FALSE,favourable,favourable,NA,WOS:000353903300010
DS,TH,10.1016/j.drugalcdep.2015.07.679,"Weiss, Nicole H.; Tull, Matthew T.; Sullivan, Tami P.; Dixon-Gordon, Katherine L.; Gratz, Kim L.",2015,FALSE,"NA",Empirical data - laboratory study,FALSE,favourable,favourable,NA,WOS:000362307000021
DS,TH,10.1037/pspp0000026,"Galla, Brian M.; Duckworth, Angela L.",2015,FALSE,"NA",Empirical data - laboratory study,FALSE,favourable,favourable,NA,WOS:000360444400010
DS,TH,"NA","Waller, BN",2015,FALSE,"NA",No empirical data,FALSE,favourable,favourable,NA,WOS:000358486000015
DS,TH,10.1111/sjop.12173,"Lange, Florian; Eggert, Frank",2015,FALSE,"NA",Empirical data - laboratory study,FALSE,favourable,favourable,NA,WOS:000351217500001
DS,TH,"NA","Wo, David X. H.; Ambrose, Maureen L.",2015,TRUE,No access,NA,NA,NA,NA,NA,WOS:000357699700004
DS,TH,10.1016/j.foodqual.2015.06.004,"Salmon, Stefanie J.; De Vet, Emely; Adriaanse, Marieke A.; Fennis, Bob M.; Veltkamp, Martijn; De Ridder, Denise T. D.",2015,FALSE,"NA",Empirical data - laboratory study,FALSE,equivocal,equivocal,NA,WOS:000357836800013
DS,TH,10.3389/fpsyg.2015.01485,"Martinez-Inigo, David; Mercado, Francisco; Totterdell, Peter",2015,FALSE,"NA",Empirical data - laboratory study,FALSE,favourable,favourable,NA,WOS:000363020400001
DS,TH,10.3389/fpsyg.2015.01193,"Petrillo, Francesca; Micucci, Antonia; Gori, Emanuele; Truppa, Valentina; Ariely, Dan; Addessi, Elsa",2015,FALSE,"NA",Empirical data - laboratory study,FALSE,favourable,favourable,NA,WOS:000359940100002
DS,TH,10.1016/j.jshs.2014.09.002,"Audiffren, Michel; Andre, Nathalie",2015,FALSE,"NA",No empirical data,FALSE,favourable,favourable,NA,WOS:000355267900005
DS,TH,10.1080/00224545.2014.977762,"Roberts, Megan E.; Gibbons, Frederick X.; Gerrard, Meg; Klein, William M. P.",2015,FALSE,"NA",Empirical data - laboratory study,FALSE,unclassifiable,unclassifiable,NA,WOS:000349328100005
DS,TH,10.1007/s12160-014-9678-8,"Hagger, Martin S.",2015,FALSE,"NA",No empirical data,FALSE,favourable,equivocal,NA,WOS:000354206300003
DS,TH,10.1287/mnsc.2014.2053,"Liu, Peggy J.; Haws, Kelly L.; Lamberton, Cait; Campbell, Troy H.; Fitzsimons, Gavan J.",2015,FALSE,"NA",Empirical data - field study,FALSE,favourable,favourable,NA,WOS:000348073900013
DS,TH,10.1016/j.dr.2015.07.003,"Carey, Susan; Zaitchik, Deborah; Bascandziev, Igor",2015,FALSE,"NA",No empirical data,FALSE,favourable,favourable,NA,WOS:000366782200003
DS,TH,10.1177/0001839214553655,"Christian, Michael S.; Eisenkraft, Noah; Kapadia, Chaitali",2015,FALSE,"NA",Empirical data - laboratory study,FALSE,favourable,favourable,NA,WOS:000354860500006
DS,TH,10.1016/j.jesp.2014.11.006,"Egan, Patrick M.; Clarkson, Joshua J.; Hirt, Edward R.",2015,FALSE,"NA",Empirical data - laboratory study,FALSE,favourable,favourable,NA,WOS:000348557500010
DS,TH,10.1007/s11031-014-9467-5,"Geisler, Fay C. M.; Schroeder-Abe, Michela",2015,FALSE,"NA",Empirical data - laboratory study,FALSE,favourable,favourable,NA,WOS:000358266500009
DS,TH,10.1057/9781137449566,"Kinley, N; BenHur, S",2015,TRUE,No access,NA,NA,NA,NA,NA,WOS:000378899200015
DS,TH,"NA","Morosanova, V., I; Tsyganov, I. U.; Vanin, A. V.; Filippova, E., V",2015,TRUE,No access,NA,NA,NA,NA,NA,WOS:000366446000004
DS,TH,10.1080/00224545.2014.972310,"Chow, Jason T.; Lau, Shun",2015,FALSE,"NA",Empirical data - laboratory study,FALSE,favourable,favourable,NA,WOS:000346281600005
DS,TH,10.1026/1612-5010/a000151,"Englert, Chris",2015,TRUE,No access,NA,NA,NA,NA,NA,WOS:000371365500001
DS,TH,10.1509/jmr.13.0014,"Jin, Liyin; Xu, Qian; Zhang, Ying",2015,FALSE,"NA",Empirical data - laboratory study,FALSE,favourable,favourable,NA,WOS:000368255900004
DS,TH,10.1016/j.eatbeh.2014.10.011,"Friese, Malte; Engeler, Michele; Florack, Arnd",2015,FALSE,"NA",Empirical data - laboratory study,FALSE,equivocal,equivocal,NA,WOS:000346386500002
DS,TH,10.1037/emo0000013,"Franchow, Emilie I.; Suchy, Yana",2015,FALSE,"NA",Empirical data - laboratory study,FALSE,favourable,favourable,NA,WOS:000349612400009
DS,TH,10.1037/xge0000065,"Tuk, Mirjam A.; Zhang, Kuangjie; Sweldens, Steven",2015,FALSE,"NA",Empirical data - laboratory study,FALSE,unfavourable,unfavourable,NA,WOS:000355841000013
DS,TH,"NA","Cardenas, David; Conde-Gonzalez, Jose; Perales, Jose C.",2015,TRUE,No access,NA,NA,NA,NA,NA,WOS:000350537700011
DS,TH,10.1016/j.joep.2014.12.003,"Dolan, Paul; Galizzi, Matteo M.",2015,FALSE,"NA",No empirical data,FALSE,favourable,favourable,NA,WOS:000352249100001
DS,TH,10.1177/1745691614556681,"Thomson, David R.; Besner, Derek; Smilek, Daniel",2015,FALSE,"NA",No empirical data,FALSE,favourable,favourable,NA,WOS:000348054400006
DS,TH,"NA","McMurray, Adela J.; Mravlek, Susan; Simmers, Claire A.",2015,TRUE,No access,NA,NA,NA,NA,NA,WOS:000364724500009
DS,TH,10.1037/a0038698,"Owens, Bradley P.; Wallace, Angela S.; Waldman, David A.",2015,FALSE,"NA",Empirical data - laboratory study,FALSE,favourable,favourable,NA,WOS:000357814500013
DS,TH,"NA","Houdek, Petr; Koblovsky, Petr; St'astny, Daniel; Vranka, Marek",2015,FALSE,"NA",No empirical data,FALSE,favourable,favourable,NA,WOS:000377394000010
DS,TH,10.1177/1087054712452915,"Manos, Michael J.; Caserta, Donald A.; Short, Elizabeth J.; Raleigh, Kristina L.; Giuliano, Kimberly C.; Pucci, Nicole C.; Frazier, Thomas W.",2015,FALSE,"NA",Empirical data - laboratory study,FALSE,favourable,favourable,NA,WOS:000356429800003
DS,TH,10.1037/a0038067,"Dai, Hengchen; Milkman, Katherine L.; Hofmann, David A.; Staats, Bradley R.",2015,FALSE,"NA",Empirical data - laboratory study,FALSE,favourable,favourable,NA,WOS:000353903300014
DS,TH,10.1891/0886-6708.VV-D-13-00174,"Simmen-Janevska, Keti; Forstmeier, Simon; Krammer, Sandy; Maercker, Andreas",2015,FALSE,"NA",Empirical data - laboratory study,FALSE,favourable,favourable,NA,WOS:000366833600009
DS,TH,10.1177/0146167215591961,"Van Berkel, Laura; Crandall, Christian S.; Eidelman, Scott; Blanchar, John C.",2015,FALSE,"NA",Empirical data - laboratory study,FALSE,equivocal,favourable,NA,WOS:000358876900004
DS,TH,10.1080/01973533.2015.1049348,"Bernecker, Katharina; Job, Veronika",2015,FALSE,"NA",Empirical data - laboratory study,FALSE,favourable,favourable,NA,WOS:000356280000004
DS,TH,10.1016/j.addbeh.2014.09.011,"Baumeister, Roy F.; Vonasch, Andrew J.",2015,FALSE,"NA",No empirical data,FALSE,favourable,favourable,NA,WOS:000351645100002
DS,TH,10.1037/pspp0000014,"Job, Veronika; Walton, Gregory M.; Bernecker, Katharina; Dweck, Carol S.",2015,FALSE,"NA",Empirical data - laboratory study,FALSE,favourable,equivocal,NA,WOS:000352321900008
DS,TH,10.1038/s41598-017-07786-5,"Brevers, D.; He, Q.; Keller, B.; Noel, X.; Bechara, A.",2017,FALSE,"NA",Empirical data - laboratory study,FALSE,favourable,favourable,NA,WOS:000407080100024
DS,TH,10.1007/978-3-319-46276-9_16,"Dau, Wolfgang; Hoffmann, J. D. G.; Banger, Markus",2017,TRUE,No access,NA,NA,NA,NA,NA,WOS:000419498600017
DS,TH,10.1111/peps.12219,"Zhou, Le; Wang, Mo; Chang, Chu-Hsiang; Liu, Songqi; Zhan, Yujie; Shi, Junqi",2017,FALSE,"NA",Empirical data - laboratory study,FALSE,favourable,favourable,NA,WOS:000414335800005
DS,TH,10.1080/17437199.2016.1266275,"De Ridder, Denise; Gillebaart, Marleen",2017,FALSE,"NA",No empirical data,TRUE,equivocal,favourable,FALSE,WOS:000395124000006
DS,TH,10.1002/job.2109,"Kim, Sooyeol; Park, YoungAh; Niu, Qikun",2017,FALSE,"NA",Empirical data - laboratory study,FALSE,favourable,favourable,NA,WOS:000392430000002
DS,TH,10.1287/orsc.2017.1129,"Ramarajan, Lakshmi; Berger, Ida E.; Greenspan, Itay",2017,FALSE,"NA",Empirical data - field study,FALSE,favourable,favourable,NA,WOS:000403752700007
DS,TH,10.1016/j.appet.2017.08.029,"Cote, Marilou; Gagnon-Girouard, Marie-Pierre; Sabourin, Stephane; Begin, Catherine",2018,FALSE,"NA",Empirical data - laboratory study,FALSE,favourable,favourable,NA,WOS:000416616400014
DS,TH,"10.1016/j,appet.2016.12.018","Weathers, Danny; Siemens, Jennifer Christie; Kopp, Steven W.",2017,FALSE,"NA",Empirical data - laboratory study,FALSE,favourable,favourable,NA,WOS:000394476200004
DS,TH,10.1016/j.obhdp.2017.01.004,"Basu, Shankha; Savani, Krishna",2017,FALSE,"NA",Empirical data - laboratory study,FALSE,unfavourable,unfavourable,NA,WOS:000396961200006
DS,TH,10.3389/fpsyg.2017.00190,"Gillebaart, Marleen; Adriaanse, Marieke A.",2017,FALSE,"NA",Empirical data - laboratory study,FALSE,favourable,favourable,NA,WOS:000393818000001
DS,TH,10.1080/01426397.2017.1316365,"Jenkin, Rebecca; Frampton, Ian; White, Mathew P.; Pahl, Sabine",2018,FALSE,"NA",Empirical data - field study,FALSE,favourable,favourable,NA,WOS:000425782400003
DS,TH,"NA","Thomas, Kathleen Delaney",2017,FALSE,"NA",No empirical data,TRUE,favourable,favourable,FALSE,WOS:000419802300005
DS,TH,10.1002/cb.1646,"Janssen, Loes; Fennis, Bob M.",2017,FALSE,"NA",Empirical data - laboratory study,FALSE,favourable,favourable,NA,WOS:000415350100016
DS,TH,10.1037/emo0000218,"Low, Rachel S. T.; Overall, Nickola C.; Hammond, Matthew D.; Girme, Yuthika U.",2017,FALSE,"NA",Empirical data - field study,FALSE,favourable,favourable,NA,WOS:000396000400004
DS,TH,10.1123/jsep.2016-0274,"Kay, Sophie A.; Grimm, Lisa R.",2017,FALSE,"NA",Empirical data - laboratory study,FALSE,favourable,favourable,NA,WOS:000407661300003
DS,TH,10.1177/0193945917723828,"Hickman, Ronald L., Jr.; Pignatiello, Grant A.; Tahir, Sadia",2018,FALSE,"NA",Empirical data - laboratory study,FALSE,favourable,favourable,NA,WOS:000419149700004
DS,TH,10.1080/1359432X.2017.1417259,"Germeys, Lynn; De Gieter, Sara",2018,FALSE,"NA",Empirical data - survey,FALSE,favourable,favourable,NA,WOS:000419954500011
DS,TH,10.1080/09515089.2017.1291928,"Lumer, Christoph",2017,FALSE,"NA",No empirical data,FALSE,unclassifiable,favourable,NA,WOS:000413930300006
DS,TH,10.1146/annurev-soc-060116-053450,"Freese, Jeremy; Peterson, David",2017,FALSE,"NA",No empirical data,TRUE,equivocal,equivocal,TRUE,WOS:000407727700007
DS,TH,10.1016/j.jcps.2017.03.004,"Lu, Fang-Chi; Sinha, Jayati",2017,FALSE,"NA",Empirical data - laboratory study,FALSE,equivocal,unclassifiable,NA,WOS:000412380200001
DS,TH,10.1177/1938965516668403,"Chan, Elisa K.; Kwortnik, Robert; Wansink, Brian",2017,FALSE,"NA",Empirical data - laboratory study,FALSE,favourable,favourable,NA,WOS:000391804400002
DS,TH,10.3389/fpsyg.2017.01367,"Goldberg, Simon B.; Flook, Lisa; Hirshberg, Matthew J.; Findley, David; Kesebir, Pelin; Schaefer, Stacey M.; Davidson, Richard J.",2017,FALSE,"NA",Empirical data - laboratory study,TRUE,equivocal,equivocal,FALSE,WOS:000407545600001
DS,TH,10.1017/prp.2017.1,"Zuo, Shijiang; Wang, Shun; Wang, Fang; Shi, Xiafei",2017,FALSE,"NA",Empirical data - laboratory study,FALSE,favourable,favourable,NA,WOS:000399396300002
DS,TH,10.5465/amj.2014.1142,"Ramarajan, Lakshmi; Rothbard, Nancy P.; Wilk, Steffanie L.",2017,FALSE,"NA",Empirical data - laboratory study,FALSE,favourable,favourable,NA,WOS:000418761000008
DS,TH,10.21909/sp.2017.02.737,"Halama, Peter",2017,TRUE,Cited in references but not in text,NA,NA,NA,NA,NA,WOS:000405680700006
DS,TH,10.5465/amr.2014.0537,"Van Quaquebeke, Niels; Felps, Will",2018,FALSE,"NA",No empirical data,FALSE,favourable,favourable,NA,WOS:000423840700002
DS,TH,10.1027/1015-5759/a000290,"Maas, Joyce; Keijsers, Ger P. J.; Cangliosi, Claudia M.; van der Veld, William; Tanis-Jacobs, Jorg; van Minnen, Agnes",2017,FALSE,"NA",Empirical data - survey,FALSE,unclassifiable,favourable,NA,WOS:000413949700003
DS,TH,10.14689/ejer.2017.67.1,"Peker, Adem",2017,FALSE,"NA",Empirical data - survey,FALSE,unclassifiable,unclassifiable,NA,WOS:000397581400002
DS,TH,10.1002/mar.21078,"Fenton-O'Creevy, Mark; Dibb, Sally; Furnham, Adrian",2018,FALSE,"NA",Empirical data - laboratory study,FALSE,favourable,favourable,NA,WOS:000424847400001
DS,TH,10.1007/s12152-017-9335-6,"Daley, Ken; Howell, Robert",2018,FALSE,"NA",No empirical data,TRUE,favourable,favourable,TRUE,WOS:000426078900001
DS,TH,10.1016/B978-0-12-802690-8.00002-5,"Abraham, C.; Denford, S.",2017,TRUE,No access,NA,NA,NA,NA,NA,WOS:000409116800002
DS,TH,10.3389/fpsyg.2017.01672,"Arber, Madeleine M.; Ireland, Michael J.; Feger, Roy; Marrington, Jessica; Tehan, Joshua; Tehan, Gerald",2017,FALSE,"NA",Empirical data - laboratory study,TRUE,unfavourable,unfavourable,FALSE,WOS:000411697700001
DS,TH,10.1111/peps.12208,"Yue, Yumeng; Wang, Karyn L.; Groth, Markus",2017,FALSE,"NA",Empirical data - laboratory study,FALSE,favourable,favourable,NA,WOS:000414335800002
DS,TH,10.1007/978-981-10-1837-4_113,"Gong, Shiyang; Li, Qian",2017,TRUE,No access,NA,NA,NA,NA,NA,WOS:000407613300115
DS,TH,10.1037/ocp0000039,"Rivkin, Wladislaw; Diestel, Stefan; Schmidt, Klaus-Helmut",2018,FALSE,"NA",Empirical data - laboratory study,FALSE,favourable,favourable,NA,WOS:000419973300008
DS,TH,10.1016/j.healthplace.2016.12.005,"Clary, Christelle; Matthew, Stephen Augustus; Kestens, Yan",2017,FALSE,"NA",Empirical data - laboratory study,FALSE,favourable,favourable,NA,WOS:000396955900001
DS,TH,10.5958/2322-0430.2017.00228.1,"Manchanda, Rimple; Abidi, Naseem; Mishra, Jitendra Kumar",2017,TRUE,No access,NA,NA,NA,NA,NA,WOS:000417320800006
DS,TH,10.3389/fpsyg.2017.01290,"Englert, Chris; Zavery, Alafia; Bertrams, Alex",2017,FALSE,"NA",No empirical data,TRUE,favourable,favourable,TRUE,WOS:000406404100001
DS,TH,10.1007/s10865-017-9848-9,"Batchelder, Abigail W.; Ehlinger, Peter P.; Boroughs, Michael S.; Shipherd, Jillian C.; Safren, Steven A.; Ironson, Gail H.; O'Cleirigh, Conall",2017,FALSE,"NA",Empirical data - laboratory study,FALSE,favourable,favourable,NA,WOS:000411879300010
DS,TH,10.1016/j.jebo.2017.02.014,"Kuhn, Michael A.; Kuhn, Peter; Villeval, Marie Claire",2017,FALSE,"NA",Empirical data - laboratory study,FALSE,favourable,favourable,NA,WOS:000401595400005
DS,TH,10.1007/s10964-017-0690-8,"Silva, Karol; Patrianakos, Jamie; Chein, Jason; Steinberg, Laurence",2017,FALSE,"NA",Empirical data - laboratory study,TRUE,favourable,favourable,FALSE,WOS:000407995500002
DS,TH,"NA","Xiao, Qian",2017,FALSE,"NA",Empirical data - field study,FALSE,favourable,favourable,NA,WOS:000404468200007
DS,TH,10.1016/j.evolhumbehav.2017.02.001,"Chiou, Wen-Bin; Wu, Wen-Hsiung; Cheng, Wen",2017,FALSE,"NA",Empirical data - laboratory study,TRUE,equivocal,unfavourable,FALSE,WOS:000408291600006
DS,TH,10.1287/mnsc.2015.2322,"Mochon, Daniel; Schwartz, Janet; Maroba, Josiase; Patel, Deepak; Ariely, Dan",2017,FALSE,"NA",Empirical data - survey,FALSE,favourable,favourable,NA,WOS:000394360200004
DS,TH,10.1111/joop.12191,"Kuhnel, Jana; Sonnentag, Sabine; Bledow, Ronald; Melchers, Klaus G.",2018,FALSE,"NA",Empirical data - laboratory study,FALSE,favourable,favourable,NA,WOS:000424093800005
DS,TH,10.1098/rsos.160605,"Capraro, Valerio; Corgnet, Brice; Espin, Antonio M.; Hernan-Gonzalez, Roberto",2017,FALSE,"NA",Empirical data - laboratory study,FALSE,equivocal,equivocal,NA,WOS:000394469300013
DS,TH,10.1037/fam0000239,"Moed, Anat; Dix, Theodore; Anderson, Edward R.; Greene, Shannon M.",2017,FALSE,"NA",Empirical data - laboratory study,FALSE,favourable,equivocal,NA,WOS:000396001600010
DS,TH,10.1002/ijop.12235,"Zhu, Ze; Li, Jian; Zhang, Bo; Li, Ye; Zhang, Houcan",2017,FALSE,"NA",Empirical data - laboratory study,FALSE,favourable,equivocal,NA,WOS:000414617100003
DS,TH,10.1016/j.jneb.2016.09.006,"Guthrie, Joanne F.",2017,FALSE,"NA",No empirical data,FALSE,favourable,favourable,NA,WOS:000410804400013
DS,TH,10.1080/02103702.2017.1306942,"Pozo, Juan-Ignacio",2017,TRUE,No access,NA,NA,NA,NA,NA,WOS:000400943600002
DS,TH,10.1007/s10869-016-9478-1,"Ganster, Daniel C.; Rosen, Christopher C.; Fisher, Gwenith G.",2018,FALSE,"NA",No empirical data,FALSE,favourable,favourable,NA,WOS:000419939900002
DS,TH,10.1016/j.actpsy.2017.02.005,"Krpan, Dario; Schnall, Simone",2017,FALSE,"NA",Empirical data - laboratory study,TRUE,favourable,favourable,TRUE,WOS:000399855100001
DS,TH,10.1080/10447318.2016.1275434,"Chen, Hong; Phang, Chee Wei; Zhang, Chenghong",2017,FALSE,"NA",Empirical data - field study,FALSE,favourable,favourable,NA,WOS:000400857000008
DS,TH,10.1037/apl0000170,"Walker, David D.; van Jaarsveld, Danielle D.; Skarlicki, Daniel P.",2017,FALSE,"NA",Empirical data - laboratory study,FALSE,favourable,favourable,NA,WOS:000395790200004
DS,TH,10.1017/S0047279416000672,"Curchin, Katherine",2017,FALSE,"NA",No empirical data,FALSE,favourable,favourable,NA,WOS:000398506100002
DS,TH,10.1111/apps.12109,"Lee, Jong Seok; Keil, Mark; Wong, Kin Fai Ellick",2018,FALSE,"NA",Empirical data - laboratory study,FALSE,favourable,favourable,NA,WOS:000418653200006
DS,TH,10.1016/j.cogdev.2017.09.005,"Peverill, Sarah; Garon, Nancy; Brown, Audrey; Moore, Chris",2017,FALSE,"NA",Empirical data - laboratory study,TRUE,equivocal,equivocal,TRUE,WOS:000415780900011
DS,TH,10.3390/su9122270,"Min, Jinyoung",2017,FALSE,"NA",Empirical data - laboratory study,FALSE,favourable,favourable,NA,WOS:000419231500116
DS,TH,10.1007/s00426-016-0753-6,"Halali, Eliran; Meiran, Nachshon; Shalev, Idit",2017,FALSE,"NA",Empirical data - laboratory study,FALSE,favourable,favourable,NA,WOS:000395178100001
DS,TH,10.1016/j.brat.2017.07.003,"Gullo, Matthew J.; Loxton, Natalie J.; Price, Therese; Voisey, Joanne; Young, Ross McD.; Connor, Jason P.",2017,FALSE,"NA",Empirical data - laboratory study,TRUE,unfavourable,unfavourable,FALSE,WOS:000412258200006
DS,TH,10.1073/pnas.1610902114,"Wang, Jianxin; Rao, Yulei; Houser, Daniel E.",2017,FALSE,"NA",Empirical data - laboratory study,FALSE,favourable,favourable,NA,WOS:000393422200038
DS,TH,10.1016/j.cognition.2017.03.022,"Powell, Lindsey J.; Carey, Susan",2017,FALSE,"NA",Empirical data - laboratory study,FALSE,favourable,favourable,NA,WOS:000402212900013
DS,TH,10.1111/bioe.12356,"Racine, Eric; Rousseau-Lesage, Simon",2017,FALSE,"NA",No empirical data,FALSE,favourable,favourable,NA,WOS:000403340900004
DS,TH,10.1017/S1355617717000054,"Franchow, E. I.; Suchy, Yana",2017,FALSE,"NA",Empirical data - laboratory study,FALSE,favourable,favourable,NA,WOS:000399394000006
DS,TH,10.1037/cbs0000086,"Brevers, Damien; Foucart, Jennifer; Verbanck, Paul; Turel, Ofir",2017,FALSE,"NA",Empirical data - laboratory study,FALSE,favourable,favourable,NA,WOS:000416218200004
DS,TH,10.1016/j.copsyc.2017.02.028,"Englert, Chris",2017,FALSE,"NA",No empirical data,TRUE,favourable,favourable,FALSE,WOS:000410679900002
DS,TH,10.1016/j.dss.2017.09.007,"Engin, Aysegul; Vetschera, Rudolf",2017,FALSE,"NA",Empirical data - laboratory study,FALSE,favourable,favourable,NA,WOS:000415772500009
DS,TH,10.1111/sjop.12371,"Dang, Junhua; Bjorklund, Fredrik; Backstrom, Martin",2017,FALSE,"NA",No empirical data,TRUE,favourable,favourable,TRUE,WOS:000405733300003
DS,TH,10.1080/1047840X.2017.1337398,"Maranges, Heather M.; Baumeister, Roy F.",2017,FALSE,"NA",No empirical data,FALSE,favourable,favourable,NA,WOS:000407962700004
DS,TH,10.3389/fpsyg.2017.01106,"Sun, Chien-Ru",2017,FALSE,"NA",Empirical data - laboratory study,FALSE,favourable,favourable,NA,WOS:000404441600001
DS,TH,10.1007/s10071-016-1055-5,"Cohen, Paul M.; Santos, Laurie R.",2017,FALSE,"NA",Empirical data - laboratory study,FALSE,favourable,favourable,NA,WOS:000394313400019
DS,TH,10.1016/j.obhdp.2017.02.002,"Fehr, Ryan; Yam, Kai Chi; He, Wei; Chiang, Jack Ting-Ju; Wei, Wu",2017,FALSE,"NA",Empirical data - laboratory study,FALSE,favourable,favourable,NA,WOS:000419410200008
DS,TH,10.1108/JMP-03-2016-0078,"Song, Jun; Wu, Jianlin; Gu, Jibao",2017,FALSE,"NA",Empirical data - laboratory study,FALSE,favourable,favourable,NA,WOS:000398123400004
DS,TH,10.1371/journal.pone.0174331,"Emmerling, Franziska; Martijn, Carolien; Alberts, Hugo J. E. M.; Thomson, Alix C.; David, Bastian; Kessler, Daniel; Schuhmann, Teresa; Sack, Alexander T.",2017,FALSE,"NA",Empirical data - laboratory study,TRUE,unfavourable,unfavourable,FALSE,WOS:000399175000013
DS,TH,10.1007/s10869-017-9493-x,"Lin, Szu-Han (Joanna); Johnson, Russell E.",2018,FALSE,"NA",Empirical data - laboratory study,FALSE,favourable,favourable,NA,WOS:000426787500006
DS,RT,10.1080/02699931.2015.1126555,"Chesney, Samantha A.; Gordon, Nakia S.",2017,FALSE,"NA",Empirical data - survey,FALSE,favourable,favourable,NA,WOS:000393765900016
DS,RT,10.1016/j.jebo.2017.10.019,"Lien, Jaimie W.; Zheng, Jie",2018,FALSE,"NA",Empirical data - field study,FALSE,favourable,favourable,NA,WOS:000423649900023
DS,RT,10.1080/00313831.2015.1066439,"Svartdal, Frode",2017,FALSE,"NA",Empirical data - survey,FALSE,favourable,favourable,NA,WOS:000393802200002
DS,RT,10.1027/1864-9335/a000304,"Keller, Lucas; Gollwitzer, Peter M.",2017,FALSE,"NA",Empirical data - laboratory study,FALSE,unclassifiable,unclassifiable,NA,WOS:000405419000002
DS,RT,10.1002/smi.2695,"Andela, Marie; Truchot, Didier",2017,FALSE,"NA",Empirical data - survey,FALSE,favourable,favourable,NA,WOS:000407283500001
DS,RT,10.3389/fpsyg.2017.01788,"Ein-Gar, Danit; Steinhart, Yael",2017,FALSE,"NA",Empirical data - multiple study types are reported,FALSE,favourable,favourable,NA,WOS:000412710500005
DS,RT,10.1016/j.envres.2017.08.016,"Panno, Angelo; Carrus, Giuseppe; Lafortezza, Raffaele; Mariani, Luigi; Sanesi, Giovanni",2017,FALSE,"NA",Empirical data - survey,FALSE,favourable,favourable,NA,WOS:000413280500028
DS,RT,10.5465/amj.2013.0404,"Hewlin, Patricia Faison; Dumas, Tracy L.; Burnett, Meredith Flowers",2017,FALSE,"NA",Empirical data - laboratory study,FALSE,favourable,favourable,NA,WOS:000395183200009
DS,RT,10.3389/fpsyg.2017.00850,"Bentley, Jeffrey R.; Treadway, Darren C.; Williams, Lisa V.; Gazdag, Brooke Ann; Yang, Jun",2017,FALSE,"NA",Empirical data - field study,FALSE,favourable,favourable,NA,WOS:000402321300001
DS,RT,10.1016/j.psychres.2016.12.033,"Bonfils, Kelsey A.; Lysaker, Paul H.; Minor, Kyle S.; Salyers, Michelle P.",2017,FALSE,"NA",Data synthesis - meta-analysis,FALSE,favourable,favourable,NA,WOS:000397377600045
DS,RT,10.1086/694589,"Graiver, Inbar",2018,FALSE,"NA",No empirical data,FALSE,unclassifiable,unclassifiable,NA,WOS:000419489700003
DS,RT,10.1016/j.concog.2017.09.007,"Wang, Yan; Wang, Guosen; Chen, Qiuju; Li, Lin",2017,FALSE,"NA",Empirical data - multiple study types are reported,TRUE,favourable,favourable,TRUE,WOS:000414884500018
DS,RT,10.1177/0306624X16678938,"Piquero, Alex R.; Farrington, David P.; Jennings, Wesley G.",2018,FALSE,"NA",Empirical data - field study,FALSE,unclassifiable,unclassifiable,NA,WOS:000428045700001
DS,RT,10.1016/j.jesp.2016.09.002,"Roberts, Michael E.; Clarkson, Joshua J.; Cummings, Elizabeth L. T.; Ragsdale, Chelsea M.",2017,FALSE,"NA",Empirical data - laboratory study,FALSE,favourable,favourable,NA,WOS:000392774500007
DS,RT,10.1002/bdm.2022,"Banker, Sachin; Ainsworth, Sarah E.; Baumeister, Roy F.; Ariely, Dan; Vohs, Kathleen D.",2017,FALSE,"NA",Empirical data - laboratory study,FALSE,favourable,favourable,NA,WOS:000415721300003
DS,RT,10.1111/joop.12177,"Russell, Emma; Woods, Stephen A.; Banks, Adrian P.",2017,FALSE,"NA",Empirical data - field study,FALSE,favourable,unclassifiable,NA,WOS:000409274900006
DS,RT,10.1016/j.jvb.2017.07.010,"Calderwood, Charles; Gabriel, Allison S.",2017,FALSE,"NA",Empirical data - multiple study types are reported,FALSE,favourable,favourable,NA,WOS:000416877700001
DS,RT,10.1108/JMP-04-2017-0149,"Mueller, Teresa; Niessen, Cornelia",2018,FALSE,"NA",Empirical data - field study,TRUE,favourable,favourable,TRUE,WOS:000426819300006
DS,RT,10.1098/rstb.2018.0139,"Hayden, Benjamin Y.",2019,FALSE,"NA",No empirical data,TRUE,unfavourable,unfavourable,FALSE,WOS:000459333400009
DS,RT,10.1016/j.pursup.2018.02.004,"Rottenburger, Joerg R.; Carter, Craig R.; Kaufmann, Lutz",2019,FALSE,"NA",Empirical data - survey,FALSE,favourable,favourable,NA,WOS:000460712100004
DS,RT,10.1037/amp0000316,"Bosworth, Hayden B.; Blalock, Dan V.; Hoyle, Rick H.; Czajkowski, Susan M.; Voils, Corrine I.",2018,FALSE,"NA",No empirical data,FALSE,favourable,favourable,NA,WOS:000449113200003
DS,RT,10.1108/CDI-01-2018-0014,"Duan, Jinyun; Wong, Macy; Yue, Yumeng",2019,FALSE,"NA",Empirical data - survey,FALSE,favourable,favourable,NA,WOS:000457429500002
DS,RT,10.3389/fpsyg.2018.01246,"Pattyn, Nathalie; Van Cutsem, Jeroen; Dessy, Emilie; Mairesse, Olivier",2018,FALSE,"NA",No empirical data,FALSE,favourable,favourable,NA,WOS:000444167900001
DS,RT,10.1017/S0953820817000012,"Thomsen, Frej Klem",2018,FALSE,"NA",No empirical data,FALSE,favourable,favourable,NA,WOS:000434294500001
DS,RT,10.3389/fpsyg.2019.00707,"Kuehl, Tim; Bertrams, Alex",2019,FALSE,"NA",Empirical data - laboratory study,TRUE,favourable,favourable,TRUE,WOS:000462834400001
DS,RT,10.1007/s10943-018-0658-3,"Amedome, Sedem Nunyuia; Bedi, Innocent Kwame",2019,FALSE,"NA",Empirical data - survey,FALSE,unclassifiable,unclassifiable,NA,WOS:000463912700025
DS,RT,"NA","Moran, A.; Toner, J.",2017,TRUE,No access,NA,NA,NA,NA,NA,WOS:000439444700015
DS,RT,10.1007/s12115-018-0283-5,"Houdek, Petr; Koblovsky, Petr; St'astny, Daniel; Vranka, Marek",2018,FALSE,"NA",No empirical data,TRUE,favourable,favourable,FALSE,WOS:000446518600007
DS,RT,10.1037/apl0000371,"Liao, Zhenyu; Liu, Wu; Li, Xian; Song, Zhaoli",2019,FALSE,"NA",Empirical data - survey,FALSE,favourable,favourable,NA,WOS:000454514400003
DS,RT,10.1108/IJCHM-02-2017-0063,"Liu, Juan; Cho, Seonghee",2018,FALSE,"NA",Empirical data - survey,FALSE,equivocal,equivocal,NA,WOS:000431030300035
DS,RT,10.1016/j.neuropsychologia.2018.05.011,"Dunn, Timothy L.; Gaspar, Connor; Risko, Evan F.",2019,FALSE,"NA",Empirical data - laboratory study,FALSE,equivocal,equivocal,NA,WOS:000460855900008
DS,RT,10.1123/jsep.2017-0242,"Semenchuk, Brittany N.; Strachan, Shaelyn M.; Fortier, Michelle",2018,FALSE,"NA",Empirical data - survey,FALSE,favourable,favourable,NA,WOS:000429371800004
DS,RT,10.3389/fnbeh.2018.00268,"Weippert, Matthias; Rickler, Michel; Kluck, Steffen; Behrens, Kristin; Bastian, Manuela; Mau-Moeller, Anett; Bruhn, Sven; Lischke, Alexander",2018,FALSE,"NA",Empirical data - laboratory study,FALSE,favourable,favourable,NA,WOS:000451190300001
DS,RT,10.1037/xhp0000527,"Pauszek, Joseph R.; Gibson, Bradley S.",2018,FALSE,"NA",Empirical data - laboratory study,FALSE,favourable,favourable,NA,WOS:000439924500005
DS,RT,10.1177/0149206316672531,"Whiteside, David B.; Barclay, Laurie J.",2018,FALSE,"NA",Empirical data - laboratory study,TRUE,favourable,favourable,TRUE,WOS:000446343100013
DS,RT,10.1037/apl0000266,"Cheng, Bonnie Hayden; McCarthy, Julie M.",2018,FALSE,"NA",No empirical data,FALSE,favourable,favourable,NA,WOS:000431997600005
DS,RT,10.1037/adb0000387,"Walters, Kyle J.; Simons, Jeffrey S.; Simons, Raluca M.",2018,FALSE,"NA",Empirical data - survey,FALSE,favourable,favourable,NA,WOS:000444619700001
DS,RT,"NA","Ben-Eliyahu, Adar",2017,FALSE,"NA",No empirical data,FALSE,favourable,favourable,NA,WOS:000460797000012
DS,RT,10.1108/IJPHM-08-2016-0044,"Kim, Kaeun; Milne, George R.; Bahl, Shalini",2018,FALSE,"NA",Empirical data - survey,FALSE,unclassifiable,unclassifiable,NA,WOS:000430138200003
DS,RT,10.1080/01443410.2018.1524851,"Stiller, Anne-Kathrin; Kattner, M. Florian; Gunzenhauser, Catherine; Schmitz, Bernhard",2019,FALSE,"NA",Empirical data - laboratory study,FALSE,favourable,favourable,NA,WOS:000460526900007
DS,RT,10.1080/01443410.2018.1543855,"Huang, Shenghua; Yin, Hongbiao; Lv, Lijie",2019,FALSE,"NA",Empirical data - survey,FALSE,favourable,favourable,NA,WOS:000463606400003
DS,RT,10.1146/annurev-criminol-032317-091849,"Pridemore, William Alex; Makel, Matthew C.; Plucker, Jonathan A.",2018,FALSE,"NA",Empirical data - survey,TRUE,equivocal,equivocal,FALSE,WOS:000438239100002
DS,RT,10.1177/2055102917750331,"Castonguay, Alexandre; Miquelon, Paule; Boudreau, Francois",2018,FALSE,"NA",No empirical data,TRUE,favourable,favourable,FALSE,WOS:000459257800001
DS,RT,10.1017/S0033291718000867,"Smith, Kathryn E.; Mason, Tyler B.; Crosby, Ross D.; Cao, Li; Leonard, Rachel C.; Wetterneck, Chad T.; Smith, Brad E. R.; Farrell, Nicholas R.; Riemann, Bradley C.; Wonderlich, Stephen A.; Moessner, Markus",2019,FALSE,"NA",Empirical data - survey,FALSE,favourable,favourable,NA,WOS:000456278500016
DS,RT,10.1016/j.jebo.2018.06.017,"Patterson, Richard W.",2018,FALSE,"NA",Empirical data - survey,FALSE,favourable,favourable,NA,WOS:000454975200017
DS,RT,10.1016/j.psychsport.2018.02.014,"Egger, Fabienne; Conzelmann, Achim; Schmidt, Mirko",2018,FALSE,"NA",Empirical data - field study,FALSE,favourable,favourable,NA,WOS:000431161200021
DS,RT,10.1177/1742395317733793,"Zarotti, Nicolo; Simpson, Jane; Fletcher, Ian",2019,FALSE,"NA",Empirical data - survey,FALSE,favourable,favourable,NA,WOS:000458763400005
DS,RT,10.1371/journal.pone.0196269,"Yan, Jin; Zhang, Nan-Nan; Xu, Dai-Xuan",2018,FALSE,"NA",Empirical data - laboratory study,FALSE,favourable,favourable,NA,WOS:000431130100023
DS,RT,10.1016/j.ijpsycho.2018.01.009,"Spangler, Derek P.; Williams, DeWayne P.; Speller, Lassiter F.; Brooks, Justin R.; Thayer, Julian F.",2018,FALSE,"NA",Empirical data - laboratory study,FALSE,unclassifiable,unclassifiable,NA,WOS:000428606300002
DS,RT,10.1007/s10461-017-1943-y,"Batchelder, Abigail W.; Carrico, Adam W.; Acree, Michael; Hecht, Frederick M.; Moskowitz, Judith Tedlie",2018,FALSE,"NA",Empirical data - survey,FALSE,favourable,favourable,NA,WOS:000430173700010
DS,RT,10.1016/j.leaqua.2017.05.007,"Weiss, Matthias; Razinskas, Stefan; Backmann, Julia; Hoegl, Martin",2018,FALSE,"NA",Empirical data - survey,TRUE,favourable,favourable,TRUE,WOS:000430158600004
DS,RT,10.3389/fnbeh.2018.00337,"Kelley, Nicholas J.; Gallucci, Alessia; Riva, Paolo; Lauro, Leonor Josefina Romero; Schmeichel, Brandon J.",2019,FALSE,"NA",No empirical data,FALSE,favourable,favourable,NA,WOS:000455988200001
DS,RT,10.7352/IJSP.2018.49.505,"Englert, Chris; Havik, Larissa; Zhang, Qian; Oudejans, Raoul R. D.",2018,TRUE,No access,NA,NA,NA,NA,NA,WOS:000462694500003
DS,RT,"NA","Hofmann, Wilhelm; Reinecke, Leonard; Meier, Adrian",2017,FALSE,"NA",No empirical data,FALSE,favourable,favourable,NA,WOS:000449142200017
DS,RT,"NA","Frey, Kurt P.; Gregg, Aiden P.",2018,TRUE,No access,NA,NA,NA,NA,NA,WOS:000458778500023
DS,RT,10.1111/eulj.12219,"Gokani, Nikhil",2018,FALSE,"NA",No empirical data,FALSE,favourable,favourable,NA,WOS:000450669500009
DS,RT,"NA","Schjoedt, Leon",2018,TRUE,No access,NA,NA,NA,NA,NA,WOS:000447783000006
DS,RT,10.1037/apl0000308,"Kim, Sooyeol; Park, YoungAh; Headrick, Lucille",2018,FALSE,"NA",Empirical data - survey,FALSE,favourable,favourable,NA,WOS:000437714100007
DS,RT,"NA","Ackerman, Joshua M.",2018,FALSE,"NA",Empirical data - laboratory study,FALSE,favourable,favourable,NA,WOS:000433490800001
DS,RT,10.1371/journal.pone.0195333,"Guan, Yuan; He, Jiamei",2018,FALSE,"NA",Empirical data - survey,FALSE,favourable,favourable,NA,WOS:000429081600050
DS,RT,"NA","Zheng, Lili",2018,TRUE,No access,NA,NA,NA,NA,NA,WOS:000456336200040
DS,RT,10.1037/pspa0000125,"Tadmor, Carmit T.; Hong, Ying-yi; Chao, Melody M.; Cohen, Ayala",2018,FALSE,"NA",Empirical data - multiple study types are reported,TRUE,equivocal,equivocal,FALSE,WOS:000441684100003
DS,RT,10.1177/0001839217733972,"Caza, Brianna Barker; Moss, Sherry; Vough, Heather",2018,FALSE,"NA",Empirical data - multiple study types are reported,FALSE,favourable,favourable,NA,WOS:000453916700007
DS,RT,10.1098/rsos.180390,"Vadillo, Miguel A.; Gold, Natalie; Osman, Magda",2018,FALSE,"NA",Empirical data - laboratory study,TRUE,unfavourable,unfavourable,TRUE,WOS:000443443000053
DS,RT,10.1111/1467-8462.12269,"Brown, Heather; Presseau, Justin",2018,FALSE,"NA",Empirical data - laboratory study,FALSE,favourable,favourable,NA,WOS:000443223000004
DS,RT,10.1080/08870446.2018.1489048,"Exelmans, Liese; Van den Bulck, Jan",2018,FALSE,"NA",Empirical data - survey,FALSE,favourable,favourable,NA,WOS:000457557600003
DS,RT,10.1558/wap.32756,"Asaba, Mayumi; Eidswick, John",2018,TRUE,No access,NA,NA,NA,NA,NA,WOS:000445438000006
DS,RT,10.1016/j.jsr.2018.09.005,"Chen, Ming; Chen, Long; Yan, Xiao-Ming; Yu, Zhuo; Fang, Ying-Ying; Yu, Yan-Qiu",2018,FALSE,"NA",Empirical data - survey,FALSE,favourable,favourable,NA,WOS:000455064700003
DS,RT,10.1016/bs.adms.2018.01.004,"Johnson, Russell E.; Lin, Szu-Han; Lee, Hun W.",2018,FALSE,"NA",No empirical data,FALSE,favourable,favourable,NA,WOS:000462134500003
DS,RT,"NA","Hobsbawm, J.",2017,TRUE,No access,NA,NA,NA,NA,NA,WOS:000441865500012
DS,RT,10.1177/1088868318762183,"Friese, Malte; Loschelder, David D.; Gieseler, Karolin; Frankenbach, Julius; Inzlicht, Michael",2019,FALSE,"NA",No empirical data,TRUE,unfavourable,unfavourable,TRUE,WOS:000463615200001
DS,RT,10.1007/978-3-319-62938-4_2,"Tyburski, Ernest",2017,TRUE,Non-English language,NA,NA,NA,NA,NA,WOS:000435015000002
DS,RT,10.1080/13803395.2018.1502257,"Niermeyer, Madison A.; Ziemnik, Rosemary E.; Franchow, Emilie I.; Barron, Casey A.; Suchy, Yana",2019,FALSE,"NA",Empirical data - survey,FALSE,favourable,favourable,NA,WOS:000454590400002
DS,RT,"NA","Verfuerth, Caroline; Gregory-Smith, Diana",2018,FALSE,"NA",No empirical data,FALSE,unclassifiable,unclassifiable,NA,WOS:000448139700020
DS,RT,10.1016/j.addbeh.2017.11.001,"Freeman, Lindsey K.; Gottfredson, Nisha C.",2018,FALSE,"NA",Empirical data - survey,TRUE,favourable,favourable,FALSE,WOS:000435063200013
DS,RT,10.1093/jcr/ucy001,"May, Frank; Irmak, Caglar",2018,FALSE,"NA",Empirical data - survey,FALSE,favourable,favourable,NA,WOS:000449045300008
DS,RT,10.1111/1475-679X.12218,"Bonner, Sarah; Majors, Tracie; Ritter, Stacey",2018,FALSE,"NA",Empirical data - survey,FALSE,favourable,favourable,NA,WOS:000447525200004
DS,RT,10.1007/s11229-018-1712-0,"Haas, Julia",2018,FALSE,"NA",No empirical data,FALSE,favourable,favourable,NA,WOS:000450864400004
DS,RT,10.1080/08870446.2018.1436176,"Pfeffer, Ines; Strobach, Tilo",2018,FALSE,"NA",Empirical data - survey,FALSE,favourable,favourable,NA,WOS:000432558700006
DS,RT,10.1007/s10869-017-9497-6,"Mok, Aurelia; De Cremer, David",2018,FALSE,"NA",Empirical data - survey,FALSE,favourable,favourable,NA,WOS:000431309500005
DS,RT,10.1109/SMC.2018.00323,"Zhong, Xi; Ishibashi, Ken; Yada, Katsutoshi",2018,FALSE,"NA",Empirical data - laboratory study,FALSE,unclassifiable,unclassifiable,NA,WOS:000459884801159
DS,RT,10.1016/j.neuropsychologia.2018.03.033,"Milyayskaya, Marina; Inzlicht, Michael; Johnson, Travis; Larson, Michael J.",2019,FALSE,"NA",Empirical data - laboratory study,TRUE,equivocal,equivocal,TRUE,WOS:000460855900015
DS,RT,10.18666/JPRA-2018-V36-I4-8889,"Miller, Zachary David",2018,FALSE,"NA",No empirical data,FALSE,favourable,favourable,NA,WOS:000452064400009
DS,RT,10.1177/0022242919825649,"White, Katherine; Habib, Rishad; Hardisty, David J.",2019,FALSE,"NA",No empirical data,FALSE,unclassifiable,unclassifiable,NA,WOS:000463799000002
DS,RT,10.1080/01973533.2018.1530671,"Singh, Ranjit K.; Goeritz, Anja S.",2019,FALSE,"NA",Empirical data - laboratory study,TRUE,favourable,favourable,TRUE,WOS:000461576700001
DS,RT,10.1017/S1355617718000838,"Suchy, Yana; Niermeyer, Madison Amelia; Franchow, Emilie Irene; Ziemnik, Rosemary",2019,FALSE,"NA",Empirical data - laboratory study,FALSE,favourable,favourable,NA,WOS:000458514600003
DS,RT,10.1080/10615806.2018.1483021,"Lenton-Brym, Ariella P.; Moscovitch, David A.; Vidovic, Vanja; Nilsen, Elizabeth; Friedman, Ori",2018,FALSE,"NA",Empirical data - survey,FALSE,favourable,favourable,NA,WOS:000441621000001
DS,RT,10.1016/j.cogdev.2018.12.003,"Kostyrka-Allchorne, Katarzyna; Cooper, Nicholas R.; Simpson, Andrew",2019,FALSE,"NA",Empirical data - laboratory study,FALSE,favourable,favourable,NA,WOS:000459846000010
DS,RT,10.3389/fpsyg.2019.00328,"Qin, Xin; Liao, Hui; Zheng, Xiaoming; Liu, Xin",2019,FALSE,"NA",Empirical data - multiple study types are reported,FALSE,favourable,favourable,NA,WOS:000458957200001
DS,RT,10.3390/ijerph15081757,"Gombert, Lilian; Konze, Anne-Kathrin; Rivkin, Wladislaw; Schmidt, Klaus-Helmut",2018,FALSE,"NA",Empirical data - survey,FALSE,favourable,favourable,NA,WOS:000443168200197
DS,RT,10.1177/1948550617736112,"Briskin, Julia L.; Kopetz, Catalina E.; Fitzsimons, Grainne M.; Slatcher, Richard B.",2019,FALSE,"NA",Empirical data - survey,FALSE,favourable,favourable,NA,WOS:000459872100006
DS,RT,10.3389/fpsyg.2018.01139,"Necka, Edward; Gruszka, Aleksandra; Orzechowski, Jaroslaw; Nowak, Michal; Wojcik, Natalia",2018,FALSE,"NA",Empirical data - survey,FALSE,favourable,favourable,NA,WOS:000437901000001
DS,RT,10.1177/0031512517751751,"Brevers, Damien; Dubuisson, Etienne; Dejonghe, Fabien; Dutrieux, Julien; Petieau, Mathieu; Cheron, Guy; Verbanck, Paul; Foucart, Jennifer",2018,FALSE,"NA",Empirical data - laboratory study,FALSE,favourable,favourable,NA,WOS:000429907400006
DS,RT,10.1007/s11031-018-9686-2,"Gissubel, Keith; Beiramar, Ana; Freire, Teresa",2018,FALSE,"NA",Data synthesis - meta-analysis,TRUE,favourable,favourable,FALSE,WOS:000430848700003
DS,RT,10.1002/ab.21805,"Staller, Mario S.; Mueller, Marcel; Christiansen, Paul; Zaiser, Benjamin; Koerner, Swen; Cole, Jon C.",2019,FALSE,"NA",Empirical data - laboratory study,TRUE,favourable,favourable,TRUE,WOS:000457476200006
DS,RT,"NA","Denford, Sarah; Abraham, Charles; Van Beurden, Samantha; Smith, Jane R.; Morgan-Trimmer, Sarah",2017,TRUE,No access,NA,NA,NA,NA,NA,WOS:000440645800006
DS,RT,10.1016/j.addbeh.2018.07.020,"Farris, Samantha G.; DiBello, Angelo M.; Zvolensky, Michael J.",2018,FALSE,"NA",Empirical data - survey,FALSE,favourable,favourable,NA,WOS:000445719100039
DS,RT,10.7819/rbgn.v0i0.3954,"da Costa, Marconi Freitas; de Fariasl, Salomao Alencar; de Angelo, Claudio Felisoni",2018,FALSE,"NA",Empirical data - laboratory study,FALSE,favourable,favourable,NA,WOS:000446436300007
DS,RT,10.1016/j.neubiorev.2018.05.003,"Kurath, Jennifer; Mata, Rui",2018,FALSE,"NA",Data synthesis - meta-analysis,FALSE,unclassifiable,unclassifiable,NA,WOS:000436350200031
DS,RT,10.1080/10463283.2017.1331874,"Greenaway, Katharine H.; Kalokerinos, Elise K.",2017,FALSE,"NA",No empirical data,FALSE,favourable,favourable,NA,WOS:000433950000002
DS,RT,10.2224/sbp.7426,"Zhang, Qi; Tong, Jiajin; Huo, Da",2018,TRUE,No access,NA,NA,NA,NA,NA,WOS:000452554700010
DS,RT,10.1037/ocp0000082,"Breevaart, Kimberley; Bakker, Arnold B.",2018,FALSE,"NA",Empirical data - survey,FALSE,favourable,favourable,NA,WOS:000435682700003
DS,RT,10.1002/smi.2792,"Grawitch, Matthew J.; Werth, Paul M.; Palmer, Sarah N.; Erb, Kaitlyn R.; Lavigne, Kristi N.",2018,FALSE,"NA",Empirical data - survey,FALSE,favourable,favourable,NA,WOS:000429585900012
DS,RT,10.1016/j.jbusvent.2016.12.001,"Uy, Marilyn A.; Sun, Shuhua; Foo, Maw-Der",2017,FALSE,"NA",Empirical data - survey,FALSE,favourable,favourable,NA,WOS:000404706800006
DS,RT,10.1093/scan/nsx012,"Yanagisawa, Kuniaki; Kashima, Emiko S.; Moriya, Hiroki; Masui, Keita; Furutani, Kaichiro; Yoshida, Hiroshi; Ura, Mitsuhiro; Nomura, Michio",2017,FALSE,"NA",Empirical data -laboratory study,FALSE,favourable,favourable,NA,WOS:000405696100005
DS,RT,10.1093/jcr/ucy055,"Wiggin, Kyra L.; Reimann, Martin; Jain, Shailendra P.",2019,FALSE,"NA",Empirical data -laboratory study,FALSE,favourable,favourable,NA,WOS:000482121300003
DS,RT,10.1017/S0140525X17001935,"Doris, John M.",2018,TRUE,Does not cite target or replication,NA,NA,NA,NA,NA,WOS:000431600100030
DS,RT,10.1080/07448481.2019.1656636,"le Roux, Daniel B.; Parry, Douglas A.",2019,FALSE,"NA",Empirical data -laboratory study,FALSE,favourable,favourable,NA,WOS:000485596100001
DS,RT,10.1080/02678373.2018.1521884,"Ciampa, Valeria; Steffens, Niklas K.; Schuh, Sebastian C.; Fraccaroli, Franco; van Dick, Rolf",2019,FALSE,"NA",Empirical data - survey,FALSE,favourable,favourable,NA,WOS:000486090100003
DS,RT,10.1016/j.jesp.2018.01.007,"Welsh, David T.; Mai, Ke Michael; Ellis, Aleksander P. J.; Christian, Michael S.",2018,FALSE,"NA",Empirical data -laboratory study,FALSE,equivocal,equivocal,NA,WOS:000432508900015
DS,RT,10.1080/10410236.2018.1461585,"Afifi, Tamara; Granger, Douglas; Ersig, Anne; Tsalikian, Eva; Shahnazi, Ariana; Davis, Sharde; Harrison, Kathryn; Callejas, Michelle Acevedo; Scranton, Audrey",2019,FALSE,"NA",Empirical data -field study,FALSE,unclassifiable,unclassifiable,NA,WOS:000479094000004
DS,RT,10.1016/j.appet.2017.05.020,"Cheung, Tracy T. L.; Kroese, Floor M.; Fennis, Bob M.; De Ridder, Denise T. D.",2017,FALSE,"NA",Empirical data -laboratory study,FALSE,favourable,favourable,NA,WOS:000405972700047
DS,RT,10.1111/phil.12217,"Stapleford, Scott; Wentzell, Alexander",2019,FALSE,"NA",No empirical data,FALSE,favourable,favourable,NA,WOS:000467969400003
DS,RT,10.1177/1938965518762842,"Shin, Joongwon; Mattila, Anna S.",2018,FALSE,"NA",Empirical data -laboratory study,FALSE,favourable,favourable,NA,WOS:000447561500009
DS,RT,10.3389/fpsyg.2017.00855,"Imbir, Kamil K.",2017,FALSE,"NA",Empirical data -field study,FALSE,favourable,favourable,NA,WOS:000402321400001
DS,RT,10.1002/ejsp.2499,"Moynihan, Andrew B.; Igou, Eric R.; van Tilburg, Wijnand A. P.",2019,FALSE,"NA",Empirical data -laboratory study,FALSE,favourable,favourable,NA,WOS:000461883600004
DS,RT,10.1111/jasp.12591,"Goldschmied, Nadav; Vira, Damien",2019,FALSE,"NA",Empirical data - survey,FALSE,favourable,equivocal,NA,WOS:000474773200002
DS,RT,10.1080/15298868.2018.1478324,"Baumeister, Roy F.; Wright, Bradley R. E.; Carreon, David",2019,FALSE,"NA",Empirical data -field study,FALSE,favourable,favourable,NA,WOS:000475403800002
DS,RT,10.1080/00223980.2019.1566685,"Dahm, Patricia C.; Kim, Yeonka (Sophia); Glomb, Theresa M.",2019,FALSE,"NA",Empirical data - survey,FALSE,favourable,favourable,NA,WOS:000470674400002
DS,RT,10.1037/apl0000204,"Barclay, Laurie J.; Bashshur, Michael R.; Fortin, Marion",2017,FALSE,"NA",No empirical data,FALSE,favourable,favourable,NA,WOS:000402047900001
DS,RT,10.1080/00224499.2016.1145182,"Rodrigues, David; Lopes, Diniz; Pereira, Marco",2017,FALSE,"NA",Empirical data - survey,FALSE,favourable,favourable,NA,WOS:000393812800009
DS,RT,10.1509/jppm.16.157,"Cook, Laurel Aynne; Sadeghein, Raika",2018,FALSE,"NA",Empirical data - survey,FALSE,favourable,favourable,NA,WOS:000431141700006
DS,RT,"NA","Christensen, G.; Freese, J.; Miguel, E.",2019,TRUE,No access,NA,NA,NA,NA,NA,WOS:000518823400013
DS,RT,10.5465/amr.2017.0273,"Steinbach, Adam; Gamache, Daniel L.; Johnson, Russell E.",2019,TRUE,No access,NA,NA,NA,NA,NA,WOS:000491900100009
DS,RT,10.1556/2006.7.2018.97,"Brevers, Damien; Foucart, Jennifer; Turel, Ofir; Bertrand, Anais; Alaerts, Mikael; Verbanck, Paul; Kornreich, Charles; Bechara, Antoine",2018,FALSE,"NA",Empirical data -laboratory study,FALSE,favourable,favourable,NA,WOS:000454636900026
DS,RT,10.1111/spc3.12425,"Werner, Kaitlyn M.; Milyavskaya, Marina",2019,FALSE,"NA",No empirical data,FALSE,equivocal,equivocal,NA,WOS:000455960600003
DS,RT,10.1016/j.childyouth.2018.05.011,"Griffiths, Austin; Royse, David; Walker, Robert",2018,FALSE,"NA",Review,FALSE,favourable,favourable,NA,WOS:000437366100007
DS,RT,10.1371/journal.pone.0194119,"Modic, David; Anderson, Ross; Palomaki, Jussi",2018,FALSE,"NA",Empirical data - survey,FALSE,favourable,favourable,NA,WOS:000427473500046
DS,RT,10.1111/fire.12188,"Doellman, Thomas W.; Itzkowitz, Jennifer; Itzkowitz, Jesse; Sardarli, Sabuhi H.",2019,FALSE,"NA",Empirical data - field study,FALSE,favourable,favourable,NA,WOS:000489087500001
DS,RT,10.5465/annals.2015.0126,"Lian, Huiwen; Yam, Kai Chi; Ferris, D. Lance; Brown, Douglas",2017,TRUE,No access,NA,NA,NA,NA,NA,WOS:000405724400005
DS,RT,10.1111/jtsb.12160,"Stoltz, Dustin S.; Lizardo, Omar",2018,FALSE,"NA",No empirical data,FALSE,favourable,favourable,NA,WOS:000434223200009
DS,RT,10.1007/s10551-017-3690-4,"Zhang, Yajun; Yam, Kai Chi; Kouchaki, Maryam; Zhang, Junwei",2019,FALSE,"NA",Empirical data -laboratory study,FALSE,favourable,favourable,NA,WOS:000472205100006
DS,RT,10.3389/fpsyg.2019.00801,"Huang, Shenghua; Yin, Hongbiao; Tang, Lifang",2019,FALSE,"NA",Empirical data - survey,FALSE,favourable,favourable,NA,WOS:000463817200001
DS,RT,10.1109/SP.2017.38,"Herley, Cormac; van Oorschot, P. C.",2017,FALSE,"NA",Review,TRUE,unfavourable,unfavourable,FALSE,WOS:000413081300006
DS,RT,10.1002/smi.2801,"Fragoso, Zachary L.; McGonagle, Alyssa K.",2018,FALSE,"NA",Empirical data - survey,FALSE,favourable,favourable,NA,WOS:000441251300008
DS,RT,10.1016/j.addbeh.2017.12.015,"Weiss, Nicole H.; Bold, Krysten W.; Contractor, Ateka A.; Sullivan, Tami P.; Armeli, Stephen; Tennen, Howard",2018,FALSE,"NA",Empirical data - field study,FALSE,favourable,favourable,NA,WOS:000425574000021
DS,RT,10.1016/j.appet.2019.104351,"Domke, Antonia; Keller, Jan; Fleig, Lena; Knoll, Nina; Schwarzer, Ralf",2019,FALSE,"NA",Empirical data - field study,FALSE,favourable,favourable,NA,WOS:000494969000009
DS,RT,10.1080/10937404.2018.1505571,"Stevenson, Matt P.; Schilhab, Theresa; Bentsen, Peter",2018,FALSE,"NA",Review,FALSE,equivocal,equivocal,NA,WOS:000450582100002
DS,RT,10.1080/02678373.2017.1303759,"Haeusser, Jan Alexander; Mojzisch, Andreas",2017,FALSE,"NA",Review,TRUE,equivocal,equivocal,FALSE,WOS:000403788700001
DS,RT,10.1111/papr.12480,"Nes, Lise Solberg; Ehlers, Shawna L.; Whipple, Mary O.; Vincent, Ann",2017,FALSE,"NA",Empirical data - survey,FALSE,favourable,favourable,NA,WOS:000398787400004
SC,TH,"NA","Hofmann, Wilhelm; Friese, Malte",2017,TRUE,No access,NA,NA,NA,NA,NA,WOS:000416311200009
SC,TH,10.1016/j.jesp.2018.07.003,"Mrazek, Alissa J.; Ihm, Elliott D.; Molden, Daniel C.; Mrazek, Michael D.; Zedelius, Claire M.; Schooler, Jonathan W.",2018,FALSE,"NA",Empirical data - multiple study types are reported,TRUE,favourable,favourable,TRUE,WOS:000448093100017
SC,TH,10.1016/j.jenvp.2019.04.002,"Roberts, Adam C.; Yap, Hui Shan; Kwok, Kian Woon; Car, Josip; Soh, Chee-Kiong; Christopoulos, George I.",2019,FALSE,"NA",Empirical data - laboratory study,FALSE,favourable,favourable,NA,WOS:000473377300008
SC,TH,10.1108/EJM-03-2017-0231,"Mathmann, Frank; Pohlmeyer, Lisa; Higgins, E. Tory; Weeks, Clinton",2019,FALSE,"NA",Empirical data - laboratory study,FALSE,favourable,favourable,NA,WOS:000469400300005
SC,TH,10.3389/fpsyg.2018.00538,"Singh, Ranjit K.; Goeritz, Anja S.",2018,FALSE,"NA",Empirical data - laboratory study,TRUE,favourable,favourable,TRUE,WOS:000429836000001
SC,TH,10.1027/2151-2604/a000292,"Bernecker, Katharina; Job, Veronika",2017,FALSE,"NA",Empirical data - laboratory study,FALSE,favourable,favourable,NA,WOS:000408058200008
SC,TH,10.1509/jmr.14.0373,"Garvey, Aaron M.; Meloy, Margaret G.; Shiv, Baba",2017,FALSE,"NA",Empirical data - multiple study types are reported,FALSE,favourable,favourable,NA,WOS:000412179400008
SC,TH,10.1016/j.jretai.2017.06.004,"Knoeferle, Klemens M.; Paus, Vilhelm Camillus; Vossen, Alexander",2017,FALSE,"NA",Empirical data - field study,FALSE,favourable,favourable,NA,WOS:000423636800010
SC,TH,10.1177/0193945918807898,"Pignatiello, Grant A.; Hickman, Ronald L., Jr.",2019,FALSE,"NA",Empirical data - laboratory study,FALSE,favourable,favourable,NA,WOS:000465010300002
SC,TH,10.1080/23311908.2019.1640340,"Stasielowicz, Lukasz",2019,FALSE,"NA",Empirical data - laboratory study,TRUE,equivocal,equivocal,FALSE,WOS:000476483600001
SC,TH,10.1016/j.socec.2018.04.009,"Achtziger, Anja; Alos-Ferrer, Carlos; Wagner, Alexander K.",2018,FALSE,"NA",Empirical data - laboratory study,TRUE,favourable,favourable,TRUE,WOS:000432773100018
SC,TH,10.1080/07420528.2019.1607370,"Przepiorka, Aneta; Blachnio, Agata; Siu, Nicolson Yat-Fan",2019,FALSE,"NA",Empirical data - survey,FALSE,favourable,favourable,NA,WOS:000475657800001
SC,TH,10.3390/e21121195,"Lawless, W. F.",2019,FALSE,"NA",Empirical data - case study,FALSE,favourable,favourable,NA,WOS:000507375900063
SC,TH,10.1080/00224545.2017.1297287,"Findley, Matthew; Brown, Ryan",2018,FALSE,"NA",Empirical data - multiple study types are reported,FALSE,favourable,favourable,NA,WOS:000428206100003
SC,TH,10.1027/1864-9335/a000308,"Dang, Junhua; Liu, Ying; Liu, Xiaoping; Mao, Lihua",2017,FALSE,"NA",Empirical data - laboratory study,TRUE,unfavourable,unfavourable,TRUE,WOS:000409313400005
SC,TH,10.1080/01973533.2018.1459300,"Suessenbach, Philipp",2018,FALSE,"NA",Empirical data - laboratory study,FALSE,favourable,favourable,NA,WOS:000454439800001
SC,TH,10.1111/bjso.12236,"Etherton, Joseph L.; Osborne, Randall; Stephenson, Katelyn; Grace, Morgan; Jones, Chas; De Nadai, Alessandro S.",2018,FALSE,"NA",Empirical data - laboratory study,TRUE,unfavourable,unfavourable,TRUE,WOS:000428874900007
SC,TH,10.3758/s13423-017-1247-2,"Wimmer, Marina C.; Stirk, Steven; Hancock, Peter J. B.",2017,FALSE,"NA",Empirical data - laboratory study,TRUE,favourable,favourable,FALSE,WOS:000413698300025
SC,TH,10.3389/fpsyg.2017.02103,"Schinkoeth, Michaela; Antoniewicz, Franziska",2017,FALSE,"NA",Data synthesis - Systematic Review,TRUE,favourable,favourable,FALSE,WOS:000416819100001
SC,TH,10.3389/fpsyg.2019.02027,"Yang, Jonghyun; Park, Kiwon; Shin, Myoungjin",2019,FALSE,"NA",Empirical data - laboratory study,FALSE,favourable,favourable,NA,WOS:000483795200002
SC,TH,10.1017/S0954579417000608,"Figge, Caleb J.; Martinez-Torteya, Cecilia; Weeks, Jessica E.",2018,FALSE,"NA",Empirical data - multiple study types are reported,FALSE,favourable,favourable,NA,WOS:000425955100019
SC,TH,10.4040/jkan.2017.47.1.14,"Cha, Jieun",2017,TRUE,Non-English language,NA,NA,NA,NA,NA,WOS:000397549400002
